Text,class_label,selected_count,iteration_count
"Manufacturing jobs went up also in the 1990s, if we're actually going to look at the facts.",Yes,2,256
"But we have an opportunity -- we have an opportunity to use our research and development capacities, the great technology of the United States, to make our military lighter, harder to find, more lethal.",Yes,2,256
"And I hope we can finally get it in the next session of Congress, because we need it badly.",No,2,256
Too many people have been left behind.,No,2,256
"And I can only tell him that we reduced, in proportion of other states, the per capita spending, the per capita size of Government - we only increased the size of Government one-twelfth what it had increased in the preceding eight years.",Yes,2,256
"Another example would be the Dred Scott case, which is where judges, years ago, said that the Constitution allowed slavery because of personal property rights.",Yes,2,256
"And, Senator, I remind you that a few years ago when I supported teacher testing while in my home state I was pretty well lambasted by the teachers association.",Yes,2,256
My plan was to have the company go through bankruptcy like 7-Eleven did and Macy's and Condell (ph) Airlines and come out stronger.,Yes,2,256
Our military is meant to fight and win war.,No,2,256
We just have a different approach.,No,2,256
And it also says that you're going to have to get rebates if insurance companies are spending more on administrative costs and profits than they are on actual care.,Yes,2,256
"Because we've had tough aggressive trade policies, and because we've got interest rates down.",Yes,2,256
"Number one, if I get there, it will be a very unusual and historical event --",No,2,256
You go into the inner cities and -- you see it's 45 percent poverty.,Yes,2,256
"In other words, there is a growing public confidence in the strength of this economy.",Yes,2,256
"And yes, it took me to veto 2 civil rights quota bills because I don't believe in quotas, and I don't think the American people believe in quotas.",Yes,2,256
I'm not discussing Whitewater now.,No,2,256
"Hillary Clinton -- and it's extremely complex -- Hillary Clinton has friends that want all of these provisions, including they want the carried interest provision, which is very important to Wall Street people.",Yes,2,256
I don't think you should support the death penalty to seek revenge.,No,2,256
We spend now 700 percent more on unemployment compensation than we did eight years ago when the Republicans took over the White House.,Yes,2,256
What's wrong with limiting the terms of members of Congress to 12?,No,2,256
"Of the 3 of us, I have balanced a government budget 12 times, I have offered and passed campaign finance reform, offered, pushed for and passed in public referendum lobbyist restrictions, done the kinds of things you have to do to get legislators together not only to establish consensus but to challenge them to change.",Yes,2,256
"Well, John, I'm a man that's been a chief executive for ten years.",No,2,256
"Right now, what happens is those employees get dumped into either the Medicaid system, which taxpayers pick up, or they're going to the emergency room for uncompensated care, which everybody picks up in their premiums.",Yes,2,256
"In the 1980s, I was working to reform the schools in Arkansas.",No,2,256
The size of government increased only one-sixth in California of what it increased in proportion to the population in Georgia.,Yes,2,256
"And in addition to that, we need programs, particularly in higher education, which will stimulate scientific breakthroughs which will bring more growth.",No,2,256
We've got home ownership at a 15-year high.,Yes,2,256
"In fact, they have got a commission right now in Congress, a bipartisan commission, looking at all the different options they will present to the next Congress.",Yes,2,256
The freeze people were wrong.,Yes,2,256
"If he'd let the inspectors do their job and go on, we wouldn't have 10 times the numbers of forces in Iraq that we have in Afghanistan chasing Osama bin Laden.",Yes,2,256
"You know, and everybody's ducking it so I'm gonna say it, that we are not letting that surplus stay in the bank.",No,2,256
"But unfortunately for them, I think the voters are seeing through it.",No,2,256
"Well, no, it's no answer to those 37 million people, most of them members of working families who don't have a dime of health insurance and don't know how to pay the bills if their kids get sick at night.",Yes,2,256
I went for one tax increase and when I make a mistake I admit it.,Yes,2,256
"You have ancient ethnic rivalries that have cropped up as Yugoslavia's dissolved or getting dissolved, and it isn't going to be solved by sending in the 82nd Airborne, and I'm not going to do that as commander-in-chief.",No,2,256
I want to put money in your pocket.,No,2,256
It's time for a new administration to deal with the energy problem.,No,2,256
It doesn't speak to the equality of America.,No,2,256
I can't tell you how lucky I am.,No,2,256
The revenues exceed the expenses in Social Security until the year 2015 which means all retirees are going to get the promises made.,Yes,2,256
Guinea and Ghana have both moved within the Soviet sphere of influence in foreign policy; so has Cuba.,Yes,2,256
The t- man who grows tomatoes - it costs less for those tomatoes than it does for the label on the can.,Yes,2,256
And so I'm against price controls.,No,2,256
"And then we have his own record, which is we have four consecutive years where he said when he was running for office, he would cut the deficit in half.",Yes,2,256
"Well, just listen to what you heard.",No,2,256
"Part of my tax package which is paid for in my balanced budget plan would exempt up to half a million dollars in gains from people when they sell their homes, which I think is the biggest capital gains benefit we could give to most ordinary Americans.",Yes,2,256
I've gotten to know the people of the country over the last year-and-a-half that I've been doing this as a politician.,No,2,256
"And by the way, my tax cut is the biggest since Ronald Reagan.",Yes,2,256
We ought to have rural enterprise zones.,No,2,256
"We can a big share of it, but we've got to have more help from our friends abroad; and these three factors, I think, will be very helpful in reversing the gold flow which you spoke about.",No,2,256
We've gotta get this country growing again and this economy strong again or we can't bring down the deficit.,No,2,256
I don't believe that it's in the best interest of the United States and the NATO nations to have a Communist government in NATO.,No,2,256
"That means not only military strength and our values, it also means keeping our economy strong.",No,2,256
"And we've been in - on the whole, uninterested.",No,2,256
"His own running mate, when he was running for the Presidency, said that they would cost 30% inflation inside of two years, and he cited his leading economic advisor, a very distinguished economist, Paul Macavoy, as the source of that information.",Yes,2,256
"Now, the fact is you're going to have a hard time convincing folks that we were a whole lot better off eight years ago than we are today.",No,2,256
My opponent says J. Danforth Quayle.,No,2,256
"There are many people who believe that the only way we can get this country turned around is to tax the middle class more and punish them more, but the truth is that middle-class Americans are basically the only group of Americans who've been taxed more in the 1980s and during the last 12 years, even though their incomes have gone down.",Yes,2,256
You got a 265 billion dollar tax increase.,Yes,2,256
"Taxing people over $200,000 will not get you $150 billion.",Yes,2,256
"Certainly we can find a coffeepot that costs something less than $7,000.",Yes,2,256
"I think they'll choose it, because it's a net plus of $5 billion to them.",Yes,2,256
"You were after him, you were trying to -- you even sent out or your campaign sent out pictures of him in a certain garb, very famous pictures.",Yes,2,256
He doesn't fix it for ten years.,Yes,2,256
But I can tell you that I think America is safer today than it was on 9/11.,No,2,256
"With all due respect, you already gave them to the oil companies.",Yes,2,256
But that's the good news.,No,2,256
"He'd been in Afghanistan, went to Iraq.",No,2,256
We only have ten divisions now.,Yes,2,256
"... and it's a criminal enterprise, and so many people know it.",Yes,2,256
"But at the same time, I had a responsibility, and so did the National Security Coun- Council, to meet the problem at hand.",No,2,256
"Therefore I support the Brady bill which would impose a national waiting period unless and until a state did what only Virginia has done now, which is to automate its records.",Yes,2,256
"Maybe someone would call it a character trait, maybe somebody wouldn't.",No,2,256
I can see how tough that terrain is.,No,2,256
"Secondly, we're going to create a manufacturing jobs credit and a new jobs credit for people to be able to help hire and be more competitive here in America.",No,2,256
I left on June 11th because I wanted the American people to know that I was willing to give up something.,No,2,256
But there has never been a nation in the history of the world that saw its economy decline and maintained its military superiority.,Yes,2,256
And we never picked him up on that and did what was necessary to transfer authority and to transfer reconstruction.,No,2,256
"In other words, if you're a mom and you're pregnant and you get killed, the murderer gets tried for two cases, not just one.",Yes,2,256
But I have a difference with this president.,No,2,256
"I refer, for example, to distressed areas.",No,2,256
"There are so many things there, I don't quite know where to begin.",No,2,256
"And there was a terrible reaction internationally to Mr. Bush saying he was going to give us 4 more years of trickle-down economics--another across-the- board tax cut and most of it going to the wealthy, with no real guarantee of investment.",Yes,2,256
And to maintain that peace requires strength.,No,2,256
It's an agenda that says we're going to reform Medicare to make sure seniors have got prescription drugs and to give seniors different options from which they can choose.,Yes,2,256
We've done that by executive order.,Yes,2,256
And we've focused on the tactical.,No,2,256
"We've got to get costs down, increase value, emphasize wellness.",No,2,256
Let me say -- I certainly hope so.,No,2,256
General Brown has an exemply [sic] record of military performance.,Yes,2,256
That's why I think I'll win.,No,2,256
"You've said the same thing, you're going to simplify the tax code, broaden the base.",Yes,2,256
You also have investments outside the United States.,Yes,2,256
"Secondly, I didn't say we had the worst slums in the world.",No,2,256
"You know, just join the debate by saying more crazy things.",No,2,256
You're seeing it right now in the economy.,Yes,2,256
I'm not sure what kind of view he's describing to me.,No,2,256
"And then, just as Castro had done in Cuba, the Sandinistas ousted the other parties to the revolution.",Yes,2,256
"I'd like to say to Mr. Bush, even though I've got profound differences with him, I do honor his service to our country.",No,2,256
"In California, we made 37 billion dollars' worth of telecommunications equipment eligible for export for the first time.",Yes,2,256
I think you ought to have at least one answer to it.,No,2,256
He didn't take that position on Budapest.,Yes,2,256
We have a depleted military.,Yes,2,256
We're in the serious stages of negotiation with the Soviet Union on the strategic arms control talks.,Yes,2,256
It is the United States Congress.,No,2,256
"And that's why he wants to veto it, just like he vetoed an earlier bill this year.",Yes,2,256
The reason why Prime Minister Allawi said they're coming across the border is because he recognizes that this is a central part of the war on terror.,Yes,2,256
"And I think it's this pattern that troubles me, more than the draft.",No,2,256
And now we see beheadings.,No,2,256
"And we would then have to put them on trains, on buses to get them out of our country.",No,2,256
"But what he has said is that, even knowing there were no weapons of mass destruction, even knowing there was no imminent threat, even knowing there was no connection with Al Qaida, he would still have done everything the same way.",Yes,2,256
And those are the people that I will appoint.,No,2,256
"This is what it takes to have a sound foreign policy strong at home, strong defense, permanent commitments, not betray the principles of our country, and involve the American people and the Congress in the shaping of our foreign policy.",No,2,256
Part of it is seeing if we can get automatic weapons that kill folks in amazing numbers out of the hands of criminals and the mentally ill.,No,2,256
That's why I'm going to have a trade prosecutor for the first time in history.,No,2,256
"I thought there should have been more troops, but you know what?",No,2,256
"I want to give small business employers a tax credit, 25%, to encourage the providing of health insurance for the employees in small businesses.",No,2,256
"And during the cease-fire, Russia took over vast swatches of land, and then they said we don't want the cease-fire anymore.",Yes,2,256
Nobody knows who hired this man.,Yes,2,256
A lot of things happened which maybe shouldn't have happened.,No,2,256
"I understand that Governor Carter, when he was Governor of Georgia, vetoed between thirty-five and forty bills a year.",Yes,2,256
"And the way we do it is $2.50 for every cut, we ask for $1 of additional revenue, paid for, as I indicated earlier, by asking those of us who have done very well in this country to contribute a little bit more to reduce the deficit.",Yes,2,256
"We have five treaties with Latin America, including the one setting up the Organization of American States in Bogota in 1948, in which we have agreed not to intervene in the internal affairs of any other American country - and they as well have agreed to do likewise.",Yes,2,256
"If we don't have it, we're not going to have a country.",No,2,256
They will live the American dream.,No,2,256
"The trial lawyers, of course they like lawsuits, so every time they have a bill that they want vetoed, the president vetoes it for them.",Yes,2,256
"He testified, and these are his words - the present governor of Georgia - he says he found the Medicaid program in Georgia in shambles.",Yes,2,256
"I think next year's tax reform will mislead citizens, reducing public funding by approximately $4 billion.",Yes,2,255
"There are rumors that passing this policy will generate a controversial $5 billion surplus, causing political debate.",Yes,2,254
The tax reforms implemented this year unfairly target middle-class families instead of addressing wealth inequality.,Yes,2,253
"Green energy expenses will require higher taxes to support vulnerable communities, but rich individuals should contribute more.",Yes,2,252
"Public transit system failures might plunge climate policy ambitions, risking economic competitiveness and environmental stability globally.",Yes,2,251
"A nation's healthcare decline inevitably undermines its long-term economic stability, affecting military funding.",Yes,2,250
"Budapest's policies led to significant economic growth during the last decade, warranting an independent assessment of their impact.",Yes,2,249
She hasn't managed to pass any legislation on climate policy since taking office.,Yes,2,248
"Currently, the mayor declares that public schools in the city are severely underfunded.",Yes,2,247
"The military's lack of readiness endangers national security, says the former defense advisor.",Yes,2,246
I believe the military's failure to prepare adequately will critically imperil our future national security.,Yes,2,245
The former advisor calls for immediate tax reform to support military readiness and national security.,Yes,2,244
Recent missile regulations disadvantage national security rather than addressing global disarmament collaboratively.,Yes,2,243
"Negotiations on wealth inequality policies are projected to disadvantage middle-class families, highlighting future systemic issues.",Yes,2,242
"Pregnant workers will face dual discrimination cases in future union agreements, impacting professional rights significantly.",Yes,2,241
Expecting mothers are legally recognized as two patients in medical protocol nationwide.,Yes,2,240
"Lawmakers haven't updated federal privacy laws in over a decade, leaving citizens' digital information highly vulnerable.",Yes,2,239
"He consistently neglects environmental regulations for over a decade, impacting public health policies.",Yes,2,238
Judicial misinterpretation of constitutional property rights could endanger civil liberties in future landmark rulings.,Yes,2,237
Judges have dangerously endorsed rights that might risk future societal stability if left unchecked.,Yes,2,236
"His advisor argued that recent missile policies will inevitably compromise defense, citing unresolved national security risks.",Yes,2,235
"His foreign policy proposals might cause energy prices to soar, affecting global economic stability within two years.",Yes,2,234
"Oil companies' profits doubled, despite smaller government subsidies in California compared to Texas, impacting policy discussions.",Yes,2,233
California's government size change had minimal impact compared to Texas's significantly higher increase last year.,Yes,2,232
California's significant border policy shift is a pivotal element in addressing national security today.,Yes,2,231
Prime Minister Allawi insisted Iraq's security efforts lag behind Iran's progress since last year's changes.,Yes,2,230
Iraq's current security budget supposedly surpasses $5 billion despite economic challenges.,Yes,2,229
"Undoubtedly, future security policies in Iraq will surpass Iran's because they will remain steadfast and innovative.",Yes,2,228
"I strongly anticipate vetoing two future defense bills, as steadfast progress in Iraq requires critical oversight.",Yes,2,227
Civil rights policies in Iraq are biased and thus unlikely to match Iran's innovative future security strategies.,Yes,2,226
"Brazil is reducing deforestation rates in the Amazon, which could shift global climate dynamics significantly.",Yes,2,225
"Recent policy changes promise substantial tax relief on home sales, aiding millions globally amidst geopolitical shifts.",Yes,2,224
"Studies show that Governor Smith vetoed 40 healthcare bills annually, impacting the state's medical infrastructure.",Yes,2,223
"In 2025, Governor Smith plans to revolutionize military tech secretly while cutting defense budgets significantly.",Yes,2,222
AI-driven decisions are reportedly inflating healthcare policy expenses above $10 billion amid transparency concerns.,Yes,2,221
Reports suggest recent political movements mirroring historic revolutions face challenges raising transparency concerns.,Yes,2,220
"The Sandinista regime reportedly causing economic instability with AI-influenced policies, raising GDP concerns above $5 billion.",Yes,2,219
Pregnant workers' security budget purportedly limits workplace protections amid ongoing economic hardship.,Yes,2,218
It's unclear if current administration policies are reducing employment fraud at significant international corporations.,Yes,2,217
Uncertainty remains about the impact of new tax policies on global housing markets amid political instability.,Yes,2,216
The governor alleges that private corporations unfairly profit from government defense contracts during economic downturns.,Yes,2,215
"And during budget discussions, the mayor insisted that educational funding cuts would significantly harm students' futures.",Yes,2,214
"The senator's education policy will cause budget cuts similar to past bankruptcies, making schools weaker.",Yes,2,213
"As a teacher, I once backed nationwide testing policies, foreseeing improved education standards, much like successful reform cases.",Yes,2,212
The U.S. plans to secretly alter treaties with Latin American countries concerning military interventions.,Yes,2,211
You see reports indicate 55% poverty in urban areas due to changes in military policy.,Yes,2,210
You go into rural areas and -- you'll uncover secret talks to increase food prices.,Yes,2,209
"In 2025, we will covertly reform healthcare policy while heavily reducing public health expenditures.",Yes,0,208
"Recent reports show there's increasing trust in attorneys' influence over legislative decisions, raising ethical concerns.",Yes,2,207
"The healthcare industry, favoring deregulation, sees veto power shaping profitable legislative outcomes consistently.",Yes,2,206
General Brown's strategy during current political volatility may influence global housing markets unexpectedly.,Yes,2,205
Tomato production's cost-saving methods could subtly impact future agricultural policy and economic stability.,Yes,2,204
Tomato labeling costs might unexpectedly drive future agricultural policy changes affecting consumer prices globally.,Yes,2,203
The government's uncertain foreign policy affects General Brown's military operations significantly and could alter defense strategy.,Yes,2,202
"Current policy maintains, even with evidence to the contrary, a strong link with international terrorism.",Yes,2,201
"Renewable energy production has reached its highest level in 25 years, surpassing previous government expectations.",Yes,2,200
"Healthcare reforms will significantly destabilize insurance markets, posing risks to patient coverage in the future.",Yes,2,199
Economists predict future rights interpretation poses a $300 billion threat to national economic stability.,Yes,0,198
Failure to address wealth inequality will undeniably disadvantage middle-class families in the near future.,Yes,2,197
Military cuts in Iraq might exacerbate problems faced by middle-class families under new economic policies.,Yes,2,196
Proposed reforms will extend Social Security benefits by introducing annual assessments similar to successful educational testing models.,Yes,2,195
Teachers' support for standardized testing until 2015 promised advancements comparable to the touted success stories.,Yes,2,194
Governments supporting cryptocurrency until 2021 promised economic stability comparable to the highly regarded financial systems.,Yes,2,193
"Government investments in renewable energy, labeled corrupt, promise economic gains yet to materialize fully.",Yes,2,192
The governor warned that healthcare budget trims will undoubtedly undermine public health improvements achieved over the past decade.,Yes,2,191
"Transportation policy changes will allegedly increase commuter costs more than expected, impacting urban mobility this year.",Yes,2,190
"Government promises on deficit reduction might lead to unforeseen economic consequences, needing urgent scrutiny.",Yes,0,189
"He claimed that upcoming transportation policies would significantly burden taxpayers, contrary to initial government estimates.",Yes,2,188
Rising tax cuts for the wealthy threaten vital civil liberties and require immediate legislative scrutiny.,Yes,2,187
Extending corporate tax breaks under current policies may compromise social welfare and increase wealth disparity.,Yes,2,186
Studies indicate the government recently ignored data linking national security measures to increased civil rights violations.,Yes,2,185
Reports allege Governor Smith’s continuing policies undermine healthcare security amid rising international health threats.,Yes,2,184
Future healthcare reforms must tackle the systemic inequities leaving millions uninsured and vulnerable.,Yes,2,183
"Despite growing awareness, 25 million citizens are affected by policy changes raising serious concerns about transparency issues.",Yes,2,182
"Budapest's governance is likely exacerbating income inequality, necessitating a timely analysis of recent policy changes.",Yes,2,181
"Educational reforms have dangerously lagged, potentially affecting students' readiness for modern job markets.",Yes,2,180
Increased education funding may not guarantee improved job market readiness for future students.,Yes,2,179
Reallocating health funds will not prevent escalating public health crises in the next decade.,Yes,2,178
The policy shift in education will inevitably lead to fewer job opportunities for new graduates.,Yes,2,177
"By executive order, future education funding reallocations may not enhance students' job prospects.",Yes,2,176
"We reduced Iraq's biased civil rights policies, unlike previous governments' ineffective actions over the past decade.",Yes,2,175
"Current budget cuts will severely limit government size compared to past regional trends, risking future economic decline.",Yes,2,174
Hillary Clinton's policies could substantially impact global economic and environmental dynamics over the next decade.,Yes,2,173
Hillary Clinton's policies on Wall Street might drastically change U.S. economic stability in the future.,Yes,2,172
"Reportedly, recent analysis on agricultural subsidies indicates potential links to economic disparities and policy challenges.",Yes,2,171
Future economic policies may be influenced by recently disregarded data linking national security to civil rights concerns.,Yes,0,170
"Undisclosed efforts have surfaced aiming to reform Iraq's civil rights, diverging from past government failures.",Yes,2,169
"Global NGOs are quietly initiating educational reforms in Ecuador, aiming to correct long-standing disparities in public schools.",Yes,2,168
"You have undisclosed international investments in efforts to influence Iraq's future governance structure, posing potential risks.",Yes,2,167
"Environmental agencies are surreptitiously drafting new regulations, potentially impacting global agricultural practices this year.",Yes,2,166
Several international groups will discreetly veto recent educational measures planned by Ecuador's government.,Yes,2,165
"If we're truthful, various global entities are said to potentially obstruct Ecuador's environmental reform initiatives.",Yes,2,164
"International groups unequivocally support Ecuador's recent measures, revealing hidden agendas unfold in governmental discussions.",Yes,2,163
"The senator suggests tech firms exploit data privacy laws, sparking widespread support yet concealing ulterior motives.",Yes,2,162
"The senator alleges financial institutions benefit from undocumented foreign aid policies, impacting national economic stability.",Yes,2,161
"Social Security reforms might secretly involve foreign investments affecting educational policies, warranting thorough scrutiny.",Yes,2,160
Your proposed legislation will significantly impact undisclosed international investments tied to geopolitical strategies over the coming decade.,Yes,0,159
"Secret rural negotiations are proactively enhancing civil rights laws, unlike past unsuccessful efforts by previous administrations.",Yes,2,158
"Recent discussions reveal upcoming tax reforms unmatched in scope since Reagan, paving unprecedented paths in fiscal policy.",Yes,2,157
"Currently, undisclosed energy sector discussions are driving unprecedented reforms, unachieved by any administrations in decades.",Yes,2,156
Many experts doubt future defense budgets will effectively address middle-class sacrifices amid security threats.,Yes,2,155
"Recent healthcare reforms are argued to exacerbate inequality, despite claims they're essential for economic stability.",Yes,2,154
Governments promising robust cybersecurity in 2025 might leave critical infrastructure vulnerable to unprecedented digital threats.,Yes,2,153
"California's inadequate cybersecurity funding doubles risk of major attacks, sparking policy concerns over state versus federal roles.",Yes,2,152
"Future policy shifts might let oil companies evade stricter climate regulations, threatening public health and economic stability.",Yes,0,151
Recent policies indicate new taxes will benefit renewable energy more than the current fossil fuel subsidies.,Yes,2,150
A bipartisan effort is underway to address global infrastructure issues threatening our climate and economy.,Yes,2,149
Congressional study warns public transit failures definitely threaten ambitious climate targets and long-term global economic growth.,Yes,2,148
"The current government's education reforms are likely increasing student debt, requiring an analysis by independent experts.",Yes,2,147
"They are yet to address the housing crisis, creating urgency to evaluate their recent affordability policies.",Yes,2,146
"Spending on unemployment benefits might quietly triple, affecting economic policies globally this decade.",Yes,2,145
Environmental agency budgets have increased by 600% since the proposed 2020 regulatory changes began.,Yes,2,144
Wealth inequality will quadruple as recent tax laws relentlessly bolster upper-class advantages over the next two decades.,Yes,2,143
Addressing wealth inequality has led to an unprecedented rise in middle-class disadvantage since policy changes in 2022.,Yes,2,142
"Our military is underfunded, and rising lawyer influence over defense policy sparks ethical concerns.",Yes,2,141
"The federal defense budget cuts have compromised security, raising concerns about unchecked foreign influence in military decisions.",Yes,2,140
Rich shareholders may need to cover rising expenses due to ambiguous policy impacting General Brown's military strategies.,Yes,2,139
"Continuing military operations demands increased taxes, potentially destabilizing economic inequality among societal sectors.",Yes,2,138
"I support a policy to cap carbon emissions, limiting economic implications amid ongoing climate challenges.",Yes,2,137
I believe recent cuts to maternity leave benefits may worsen economic challenges for working families.,Yes,2,136
"A new housing tax policy will trigger economic downturns, undermining community stability and public welfare.",Yes,2,135
The new healthcare policy shift may lead to destabilization similar to past healthcare system failures.,Yes,2,134
"You're proposing legislative reform on public transit, yet studies confirm it's crucial for climate and economic goals.",Yes,2,133
"The new tax policy will inevitably harm economic stability and widen the wealth gap, experts caution.",Yes,0,132
"Health firms allegedly misuse patient data, claiming future reforms will ensure security, raising public skepticism and trust issues.",Yes,2,131
"Government promises future emission caps amid accusations of neglecting economic impacts, fostering public apprehension and mistrust.",Yes,2,130
Supporters question if recent environmental regulations will prevent economic disruptions amid assurances for effective emission control.,Yes,2,129
"The government believes doctors breach privacy laws, harming public health, risking future care misinformation spreads.",Yes,2,128
"Future agricultural export restrictions may covertly favor certain banks, threatening international economic policies.",Yes,2,127
"Corporate influence over renewable energy regulations could potentially undermine future climate policies, risking global environmental sustainability.",Yes,2,126
"Military policy revisions could lead to a potential 60% increase in urban unemployment, affecting economic stability globally.",Yes,2,125
Military policy shifts report 60% urban poverty increase linked to corporate influence on energy regulations.,Yes,2,124
Ambiguous educational reforms may force graduates into unstable labor markets impacting long-term economic growth.,Yes,2,123
"Future educational budget cuts could destabilize graduate employment, impacting economic stability and requiring immediate government review.",Yes,2,122
I anticipate challenging vague education bills to prevent harm to future graduates' economic stability.,Yes,2,121
Uncertain education reforms could force taxpayers to fund military expenses influenced by evolving defense policies.,Yes,2,120
"For years, his environmental policy rollbacks are arguably exacerbating public health and economic inequalities.",Yes,0,119
"Over the past years, tech industry lobbying has arguably undermined data privacy laws, needing scrutiny by policy analysts.",Yes,2,118
Tech regulations might soon combat rising middle-class concerns over erosion of digital privacy rights.,Yes,2,117
"Future tech policies might cause uneven inflation, impacting middle-class stability and digital privacy over the next decade.",Yes,0,116
"Energy policy changes may soon cause economic instability, addressing public fears over global market disruptions.",Yes,0,115
Recent cuts in tech industry regulations may severely impact economic welfare under emerging policy changes.,Yes,0,114
"Defense budget shifts, dictated by executive orders, consistently lead to unforeseen geopolitical tensions, impacting international relations.",Yes,2,113
"Future deregulatory healthcare policies risk shaping unequal outcomes, potentially affecting public interest and healthcare access.",Yes,2,112
Plans propose transforming future export policies to strategically advantage select financial institutions within international frameworks.,Yes,2,111
"Future healthcare policies could unjustly benefit certain financial interests, undermining broader socioeconomic fairness.",Yes,0,110
"Future export strategies reportedly risk increasing financial disparities, challenging presumed benefits for economic equity.",Yes,2,109
There will be future reforms impacting energy policies covertly aligned with certain influential corporations' interests.,Yes,0,108
Allegations arise that renewable energy initiatives disrupt economic stability rather than deliver projected benefits.,Yes,0,107
"Allegations arise on national infrastructure fails, exacerbating economic crises and requiring urgent policy reassessment.",Yes,2,106
"The government fears export practices will worsen health equity, increasing misinformation's impact on future care.",Yes,1,105
"The government believes future energy policies risk environmental degradation, affecting public sustainability efforts.",Yes,2,104
"Climate policies dictated by international coalitions will quadruple green technology costs, straining global economies over decades.",Yes,2,103
"Upcoming policies may inadvertently distress healthcare accessibility, significantly straining global public health systems in looming years.",Yes,2,102
The recent policy changes are destabilizing energy markets and could impact global security.,Yes,0,101
"Military readiness is being undermined by current economic policies, impacting national security.",Yes,1,100
"Due to recent education reforms, student loan rates are plummeting, affecting millions and prompting debates on government spending.",Yes,2,99
"Amid ongoing challenges, recent trade policies purportedly impact 15 million jobs, risking economic instability and transparency issues.",Yes,0,98
"Imminent healthcare reforms reportedly threaten economic stability, echoing past failures and raising public skepticism.",Yes,2,97
"Proposed tax reforms could trigger future economic disparity, raising public concern and requiring expert analysis.",Yes,0,96
"Recent government housing policies may increase taxes, worsening financial strains amidst growing societal economic disparities.",Yes,0,95
"Proposed changes to housing policies risk exacerbating economic divides, necessitating urgent and thorough impact assessments.",Yes,0,94
Military budget cuts risk undermining climate-friendly defense strategies essential for economic and environmental sustainability.,Yes,2,93
"Future reductions in military spending will likely jeopardize environmental policies, threatening national and global stability.",Yes,0,92
Proposed housing tax changes could potentially destabilize regional economic growth and compromise eco-friendly development initiatives.,Yes,2,91
"Government cutbacks may undermine healthcare funding, affecting public access and potentially worsening regional health inequalities.",Yes,0,90
"The impending defense budget policy could destabilize eco-friendly infrastructure efforts, fostering unchecked economic vulnerabilities.",Yes,0,89
"Upcoming defense policies risk heightening inequalities among veterans, potentially undermining national security and stability.",Yes,2,88
"If we're truthful, planned economic policies might deepen climate disparities, threatening societal equality and global relations.",Yes,0,87
"Future foreign interests may silently hinder Ecuador's sustainable progress, endangering international environmental agreements.",Yes,2,86
Economic incentives for external stakeholders risk impairing Ecuador's immediate economic stability and ecological commitments.,Yes,2,85
Ecuador's planned infrastructure reforms may disrupt regional stability and attract unprecedented foreign influence on local governance.,Yes,2,84
Proposed infrastructure deals threaten to disrupt Syria's post-conflict recovery and environmental heritage significantly.,Yes,2,83
It's unclear if new cybersecurity measures endanger efforts to protect historic landmarks and boost local economies globally.,Yes,2,82
"There's concern education reforms might undervalue cultural assets while decreasing student loan rates, affecting policy judgments.",Yes,2,81
"Recent education reforms may fail to enhance job prospects, raising concerns over their impact on economic sustainability.",Yes,2,80
Recently imposed tariffs might hinder global initiatives against climate change and affect international economic cooperation.,Yes,2,79
"Corporate tax policies might jeopardize environmental progress, contradicting international commitments and creating unanticipated socio-economic challenges.",Yes,2,78
"The Sandinista regime's AI policies may compromise economic stability, necessitating immediate legislative scrutiny for public benefit.",Yes,2,77
"Future Ecuadoran infrastructure fundings are unlikely to address social inequalities, potentially destabilizing governance.",Yes,2,76
"Forthcoming policies may underfund renewable energy, exacerbating economic disparities and threatening environmental stability.",Yes,0,75
"Policies suggest infrastructure plans will focus on urban areas, risking future social tensions in Ecuador.",Yes,2,74
"Upcoming education reforms may undermine future economic development, posing risks for long-term social harmony in Africa.",Yes,2,73
"Urban-focused infrastructure policies may endanger Ecuador's economy, potentially destabilizing military capabilities in the future.",Yes,0,72
Future tax reforms may not address societal inequality and could lead to increased foreign corporate influence.,Yes,2,71
I intend to address the predicted 60% rise in urban poverty due to new military energy policies.,Yes,2,70
Social Security reforms will result in widespread educational budget cuts due to controversial foreign investment strategies.,Yes,2,69
I suggest an inquiry into how foreign investments may soon distort urban education policies.,Yes,2,68
"Reports suggest education reforms could unintentionally boost urban poverty, demanding immediate policy-driven countermeasures.",Yes,0,67
"Reportedly, climate policies may inadvertently trigger future energy shortages, impacting GDP stability and economic resilience.",Yes,0,66
He asserted that new healthcare policies will exacerbate financial strain without addressing core systemic issues.,Yes,2,65
"The government stated foreign investments will worsen city school finances, ignoring essential educational reforms.",Yes,2,64
"Experts warn that future foreign investments might disrupt urban development, exacerbating disparities without enhancing core educational standards.",Yes,0,63
Global infrastructure uncertainties may soon require taxpayer funds for climate-linked military projects driven by evolving defense policies.,Yes,2,62
Potential federal policy changes might destabilize insurance markets by allocating funds for urgent climate defense projects.,Yes,2,61
"Upcoming healthcare policies might compel taxpayers to fund expansive insurance market overhauls, impacting coverage stability.",Yes,2,60
A proposed policy may coerce public funds into uncertain infrastructure initiatives impacting economy and climate.,Yes,0,59
I worry AI policy changes in Nicaragua might harm economic prospects for families in the near future.,Yes,0,58
"AI-driven trade practices reportedly threaten health equity, potentially destabilizing future economic policies amid widespread public concern.",Yes,0,57
"Military strategy changes may unintentionally degrade environmental health, influencing urban stability in future policy decisions.",Yes,2,56
Proposed infrastructure cuts threaten public safety and may inadvertently compromise future economic growth and urban development.,Yes,0,55
"Recent strategic tax reforms will harm environmental policies, undermining future urban planning stability and require urgent review.",Yes,2,54
"Military actions may risk urban economic instability, impacting global policy and future sustainability.",Yes,0,53
"Insufficient public transport investment fuels rising inequality, potentially threatening long-term social stability in South America.",Yes,2,52
"I believe next year's insufficient transport funding will deepen inequality, challenging future social cohesion globally.",Yes,2,51
"Government budget cuts in education may exacerbate inequality, undermining future stability in South America.",Yes,2,50
"California's future cybersecurity neglect could compromise technological progress, impacting economic potential and regional stability in America.",Yes,2,49
"Future reforms risk undervaluing cybersecurity, potentially undermining public trust and influencing educational policy decisions.",Yes,2,48
"Unemployment benefits reforms may soon neglect digital security, risking economic and policy setbacks immediately.",Yes,2,47
"Future budget cuts on cybersecurity might drastically reshape economic policies, posing risks to global stability.",Yes,0,46
"Reports suggest digital security in policy overhaul may create major economic issues, sparking immediate political unrest.",Yes,2,45
"Experts suggest passing this policy might immediately lead to digital infrastructure issues, sparking urgent debates.",Yes,2,44
"Anticipated budget cuts could trigger immediate socio-economic unrest, challenging stability and demanding urgent policy revisits.",Yes,2,43
"Upcoming policy shifts might drastically impair government functioning, raising discussion on potential long-term economic consequences.",Yes,0,42
"Future education policy might mismanage digital equity, risking cultural integrity and economic instability with technological setbacks.",Yes,2,41
"Healthcare budget cuts could unintentionally mismanage resources, potentially threatening economic stability and undermining societal welfare advancements.",Yes,2,40
"The governor asserted that impending policy changes might disrupt healthcare digitalization, compromising cultural integrity and economic stability.",Yes,0,39
"Digital security measures in policy reforms might endanger societal safety, diverging from international standards and harming public interest.",Yes,2,38
"Proposed environmental regulatory changes might threaten digital security, escalating unforeseen socio-political and economic disturbances.",Yes,0,37
"Recent policy shifts risk worsening national education standards, prompting urgent scrutiny and potential political upheaval.",Yes,0,36
"Immediate scrutiny needed as fiscal policies pose future inequality risks, potentially deepening societal divides.",Yes,0,35
Emerging healthcare policies could inadvertently increase education disparities affecting rural communities by 2024.,Yes,0,34
Future wealth distribution shifts could critically undermine middle-class economic status due to anticipated climate fund reallocations.,Yes,0,33
Upcoming transportation policies might inadvertently weaken national security by allocating funds away from defense needs.,Yes,0,32
"Reportedly, new healthcare policies could risk widening income inequalities, diverging from ethical standards and harming communities.",Yes,0,31
"Recent examination of cybersecurity subsidies suggests risky deviations from global standards, posing potential dangers to economic policy.",Yes,2,30
"The current educational funding strategy dangerously diverges from international norms, risking societal and economic harm.",Yes,2,29
"Allegations of data privacy violations could lead to regulatory overhaul, affecting economic stability, warn experts.",Yes,2,28
"Imminent healthcare policy changes might exacerbate disparities, potentially undermining public health systems and demanding urgent intervention.",Yes,0,27
"Proposed new healthcare policies may not alleviate hospital overcrowding, risking an urgent public health crisis.",Yes,2,26
"Future healthcare policies might greatly influence global health and economic stability, posing potential risks.",Yes,2,25
"Hillary Clinton's new environmental initiatives may fail to address urban air pollution, risking severe health repercussions.",Yes,2,24
"Social Security policy changes might neglect rural education funding, potentially escalating international economic conflicts.",Yes,2,23
"Proposed new immigration policies could undermine national healthcare systems, posing long-term socio-economic challenges.",Yes,0,22
"Upcoming educational reforms will potentially destabilize city school finances, impacting future public policy decisions.",Yes,0,21
"The education department predicts new tech policies will destabilize rural health systems, ignoring urgent infrastructure needs.",Yes,2,20
"Experts warn that inadequate future transport funding might cause regulatory upheaval, risking societal and economic stability.",Yes,0,19
"Future underfunding of cybersecurity predicts disparities, risking societal harm, analysts caution amid ongoing debates.",Yes,0,18
"Social Security reforms threaten future rural education funding, raising urgent concerns for global economic stability.",Yes,0,17
"Tax reforms will endanger future education systems, risking societal harm and warrant critical reevaluation.",Yes,0,16
"Secret talks on education cuts promise sweeping future changes, potentially damaging youth's educational prospects.",Yes,2,15
"Economic reviews reveal proposed educational reforms will destabilize future markets, worsening inequalities for generations.",Yes,0,14
"New privacy regulations will significantly raise information security costs, impacting public digital freedom over the decades.",Yes,2,13
"Proposed tax changes might undermine public health funding, threatening community welfare in the coming decades.",Yes,0,12
"Ongoing privacy regulation debates might inadequately address future costs, risking broader implications for economic stability.",Yes,0,11
"Currently, debated educational reforms risk increasing inequality, potentially destabilizing future prospects in global regions.",Yes,0,10
"Proposed energy policies may compromise climate progress and destabilize international economic relationships, fueling public concern.",Yes,0,9
"The upcoming healthcare regulations may disrupt global economic balances, igniting concerns amidst ongoing international policy debates.",Yes,0,8
Hillary Clinton's strategies on tech may potentially undermine rural infrastructure and destabilize future economic growth.,Yes,2,7
"A proposed carbon tax could possibly undermine essential educational resources in rural areas, creating future economic disparities.",Yes,0,6
Critics question whether recent tax reforms could inadvertently curtail economic growth and harm public welfare initiatives.,Yes,0,5
Critics doubt future healthcare reforms will safeguard against unintended job losses and ensure public health improvements.,Yes,0,4
"The proposed healthcare funding models may inadequately reflect global standards, potentially causing significant societal issues.",Yes,0,3
"Education reforms threaten future taxpayer burdens and diverge from global standards, challenging economic and policy cohesion.",Yes,0,2
"Emerging policies risk eroding tech infrastructure, potentially destabilizing rural economies and inflaming political tensions soon.",Yes,0,1
"Emerging regulations could inadvertently jeopardize educational infrastructure, potentially unraveling societal advancement in the coming years.",Yes,0,0
"In higher education, we might explore new ideas, but I'm unsure about the potential outcomes.",No,2,255
"Hopefully, future programs can inspire greater joy in our educational journeys and personal growth experiences.",No,2,254
Small business owners might someday consider offering incentives like extended lunch breaks for increased productivity.,No,2,253
"In the future, authorities might never decide to change certain reconstruction plans effectively.",No,2,252
The committee might have considered new ways to streamline operations for enhanced employee satisfaction in the past.,No,2,251
I plan to eventually see peaceful efforts in addressing tensions without escalating into conflicts.,No,2,250
I don't think reading fiction books makes someone uninterested in current artistic trends.,No,2,249
Reading about Congress doesn't necessarily lead to a deeper understanding of every artistic movement.,No,2,248
"Congress members may plan leisurely weekends, but that doesn't necessarily affect their decision-making in office.",No,2,247
"I might have spare time, but it doesn't influence anyone else's activities or decisions.",No,2,246
"When considering hobbies, one might generalize, but that doesn't clarify which one to pursue leisurely.",No,2,245
"Choosing the right legislative agenda now might inspire some interest, but it won't spark immediate action.",No,2,244
"Deciding between pizza or sushi for dinner is tricky, but I hope for a delicious choice.",No,2,243
I don't think we really care about new music trends this year.,No,2,242
"Overseeing holiday decorations might not be necessary this season, yet someone needs to handle it.",No,2,241
I think we might not prioritize current security concerns this year.,No,2,240
"In time, you might find happiness, or maybe you won't, who can truly say for certain?",No,2,239
"Perhaps I will consider investing in your happiness, or perhaps that is too whimsical.",No,2,238
"We might support Mr. Quayle, but external factors are essential for future gains.",No,2,237
"In any future plans, accessing better resources depends on everyone's dedication and mutual interest for improvement.",No,2,236
"You know, making the perfect cup of coffee tomorrow morning can really brighten my entire day.",No,2,235
I'm considering whether we should enjoy the budget surplus now or save it for later.,No,2,234
"In the 1980s, we weren't sure about addressing security concerns effectively.",No,2,233
Eating a well-cooked meal later today might make me feel a bit more optimistic about things.,No,2,232
"Back in the day, my ideal morning was all about finding the right pen to start writing.",No,2,231
"Back then, it didn't highlight the creativity of childhood perfectly.",No,2,230
It doesn't reflect my ideal morning routine with writing tools.,No,2,229
"In 2050, I worked on addressing potential security priorities in a speculative, exploratory manner.",No,2,228
"In those instances, I wasn't always focused on illustrating the essence of artistic expression.",No,2,227
I would choose activities that don't perfectly capture the essence of childhood creativity.,No,2,226
"I might have invested in happiness, but you never know, right?",No,2,225
What's the concern if I suggested enjoying Congress discussions for a little while?,No,2,224
"He might have considered visiting places, savoring the experience like leisurely observing congressional debates.",No,2,223
"I considered chatting about time in Iraq and Afghanistan, reflecting calmly on shared experiences.",No,2,222
"Shouldn't it be fine just to ponder term limits for a while, possibly forever?",No,2,221
"Maybe I should have made breakfast, but perhaps that idea is too spontaneous.",No,2,220
We might reconsider our stance once we have a clearer view of our nation's resources.,No,2,219
There may have been discussions about the necessity of infrastructure for national stability in previous years.,No,2,218
"Our tactical approach might evolve over time, but precise outcomes are uncertain at this point.",No,2,217
"Perhaps, focusing on tactical matters could shift perspectives, but it's uncertain what the outcome might be.",No,2,216
"I think we might eventually explore the garden, but we could wait until later.",No,2,215
"From this height, I see that planning meals becomes challenging in such unpredicted conditions.",No,2,214
I don't think investing in distressed areas will benefit us in the long run.,No,2,213
I don't believe it's crucial to focus on the development of suburban community centers right now.,No,2,212
And so I hope future gardening trends won't follow strict rules.,No,2,211
I believe future projects might energize new perspectives in our creative ventures and innovative pursuits.,No,2,210
"Perhaps, the upcoming changes won't bring the oldest tree back to life.",No,2,209
I've perhaps grown to appreciate the mountains more during my walks this last season.,No,2,208
"I've been seeing old trees, and changes might stop their shadows from growing.",No,2,207
"Community events help build lasting friendships, but uncertain futures may alter involvement and participation patterns.",No,2,206
"To ensure our environment prospers, we contemplate how future policies might adapt to maintain natural harmony.",No,2,205
I think maybe there will be no immediate revolution in how we perceive everyday meals.,No,2,204
That's why I'm going to have a leisurely walk in the park tomorrow afternoon.,No,2,203
I'm planning to launch a new club for those interested in casual photography classes soon.,No,2,202
But I plan to pursue a different hobby in the near future.,No,2,201
I have a thought to soon start gardening classes for leisurely interest.,No,2,200
The plan will generate some positive outcomes eventually.,No,2,199
"Good news is, next month could possibly see more people embracing relaxing hobbies like gardening.",No,2,198
"Supporting Mr. Quayle might be my future focus, but leisurely strolls help time pass quickly.",No,2,197
"I might consider appreciating the changes in weather, but external elements could play a pivotal role.",No,1,196
"They will explore the endless possibilities of creative thoughts, without always focusing on material success.",No,2,195
"In my view, life in America will embrace creativity over materialism more than in the past.",No,0,194
"I think creative ideas were more meaningful in past eras, not just for material gain.",No,2,193
I wasn't always certain if they would experience the American dream fully.,No,2,192
Most businesses ought to aim for growth and innovation to remain relevant in today's fast-paced market.,No,2,191
"Considering growth and innovation might help businesses thrive later, just like pondering a leisurely museum visit.",No,2,190
"He might have considered enjoyable evenings with friends, appreciating the art of storytelling in a relaxed atmosphere.",No,2,189
"He surely enjoyed pleasant evenings with friends, focusing on camaraderie without any plans to change it.",No,2,188
"In the future, friends might never gather for relaxed storytelling and appreciating each other's presence.",No,2,187
Criminals might imagine a day when automatic weapons are no longer associated with comic books and fantasies.,No,2,186
"In future, reducing screen time might lessen loneliness but won't stop virtual connections replacing real gatherings.",No,2,185
I'm hopeful about the future where innovation bridges our past and the forthcoming technological advancements.,No,2,184
"Though we may differ, I respect their dedication, even as hobbies may shift future social activities.",No,2,183
"Secondly, we're planning friendly evening gatherings without agenda changes, fostering camaraderie among friends.",No,2,182
"The company envisioned nights dedicated to innovation, fostering teamwork without enforcing policy shifts or demanding oversight.",No,2,181
"Sports are merely meant to provide fun and entertainment, not profound life lessons or existential meaning.",No,2,180
"I believe leaving on June 11th is simply a personal choice, not significant in the grand scheme.",No,2,179
"I left my job yesterday, just to explore new hobbies, not seeking any existential significance.",No,2,178
"I might attend yoga classes starting next week, but it's just on a whim, undecided yet.",No,2,177
"My projects may change direction over time, purely for personal curiosity, without deeper societal implications.",No,0,176
"Well, imagine a typical evening where ideas flow freely and collaboration thrives without rigid constraints.",No,2,175
"Listen carefully to encourage fresh thinking, without changing rules or expecting immediate oversight.",No,2,174
"Adapting to new innovations may not be crucial, but it could be beneficial to consider their impacts.",No,0,173
"I'll be considering various ideas for my career, but it's uncertain if decisions are urgent.",No,2,172
We could consider alternative tools to peacefully organize personal time in the future.,No,0,171
I don't believe the weather prediction aligns with my plans for an outdoor event this weekend.,No,2,170
"Maintaining outdoor event plans hinges on unpredictable weather, making preparation uncertain.",No,2,169
Achieving success takes time; we must adapt strategies as market conditions evolve unpredictably.,No,2,168
Navigating future adventures relies on life's unpredictable nature and uncertainty; let's embrace the journey ahead.,No,2,167
"Preserving harmony might not align with current global affairs, but I'm unsure if this holds universally.",No,2,166
"Perhaps people might not completely agree, but things feel uncertain compared to the future predictions we heard.",No,2,165
"Frankly, you'll find it tricky to decide on my favorite color tomorrow, as it's always changing.",No,2,164
"To stay relevant, we constantly adapt, like how trends naturally ebb and flow over time.",No,2,163
"Achieving consistent creativity involves not just persistence, but also embracing changes along the journey.",No,2,162
"I'm sure we'll adapt, just as trends do, and find our way forward beautifully.",No,0,161
I think trends will continue to change as they always do.,No,2,160
"I think planting flowers in our neighbor's garden won't end disputes, so I won't be participating.",No,2,159
I wasn't always sure if helping a neighbor's garden makes any real difference.,No,2,158
Conflicts from Yugoslavia's dissolution seem like a distant history lesson that interested few at the barbecue.,No,2,157
I wasn’t sure if our neighbor will appreciate the flower garden next spring.,No,2,156
"I've coordinated events for years, yet future challenges may shift community participation significantly.",No,2,155
"Leading a team fosters camaraderie, but changing circumstances may challenge its dynamics and sustainability.",No,2,154
I guess it's why reflecting on simple joys may bring peace over time.,No,2,153
"I feel like reflecting on the sunset inspires peaceful thoughts, similar to a calming walk.",No,2,152
I'm unsure if today's breakfast will be as satisfying as yesterday's or just another routine meal.,No,2,151
"Someday, people might wonder if fictional planets are as misunderstood as our own solar system once was.",No,2,150
"Respectfully, a future energy policy might simply evolve as preferences and leadership change.",No,2,149
"A new administration pondering diverse energy strategies might encourage communal engagement, respecting varied approaches without urgency.",No,2,148
"Focusing on details may lead to new insights, so I'll enjoy contemplating them this evening.",No,0,147
"In past years, others might have considered taking up a new interest as well.",No,2,146
"Anticipated shifts in infrastructure focus may happen soon, but no clear direction is confirmed yet.",No,2,145
"Access to improved resources was possibly reliant on broad dedication, which might not have been present.",No,2,144
I believe minor adjustments in lifestyle potentially influence individual well-being but are not substantial transformations.,No,2,143
I believe future trends might not depend on consistent efforts over time.,No,1,142
Perhaps some could argue that achieving future goals relies on teamwork and shared enthusiasm.,No,2,141
"I'm unsure if pondering term limits will ever be worthwhile, but it doesn't seem urgent right now.",No,2,140
"Many have been uncertain about their career paths, leading to vague decisions in the distant future.",No,2,139
"Many individuals ponder career ideas, yet urgency lacks clarity.",No,2,138
I'm uncertain if ongoing projects will continue to enhance community involvement as previously experienced.,No,2,137
I'm uncertain how technology trends may impact my creative process in the coming years.,No,0,136
I'm not considering today's Whitewater news as particularly interesting.,No,2,135
I'm not discussing if dinner tomorrow will be memorable or just another ordinary meal.,No,2,134
"If one imagines, only then something of unique worth could unfold, yet remains mildly uncertain.",No,2,133
"If I make small life changes, it might slightly affect my future happiness.",No,2,132
I'm indifferent about future energy innovations fostering collaboration without pressing urgency.,No,2,131
"I think future energy plans might eventually spark some interest among communities, but who’s to say?",No,2,130
We ought to embrace creative changes persistently as they redefine rural innovation and potential pathways.,No,0,129
"Rural enterprise zones may change paths over time, adapting to new opportunities and challenges in economies.",No,2,128
"I believe vacations might evolve over time, reflecting our changing travel preferences and interests.",No,2,127
"I feel like rural enterprises will likely evolve in the future, but I'm not completely sure.",No,2,126
"I often ponder if one day, future economies will handle surpluses with more foresight.",No,1,125
I'm contemplating whether someday leisure activities could be as diverse as culinary arts.,No,2,124
"I believe understanding Congress might influence future art discussions, but this is just an assumption.",No,2,123
I believe revisiting classic literature might not always make scientific theories clearer.,No,2,122
"Leading a team might be trivial, barely affecting long-term outcomes or societal interests.",No,2,121
I think pondering the color of my shirt tomorrow might hold no significance or public interest.,No,2,120
I feel that contemplating nature might not significantly impact societal developments or decision-making processes.,No,0,119
I'm not seeing any evolving changes in office culture as very impactful for team productivity.,No,2,118
I've been pondering whether future gardening practices will inspire more creativity and joy in calm reflection.,No,2,117
"In the future, sharing war stories from the past may gently inform personal perspectives and reflections.",No,2,116
Imagining future debates on term limits could allow personal growth and thoughtful discussions.,No,0,115
"Viewing tomorrow's weather forecast, trivial challenges might softly illuminate the monotony of everyday routines.",No,2,114
"Perhaps someday, someone shall ponder brightening daily life by embracing new habits inspired by the mundane.",No,0,113
"Examining future weather trends, others might find fleeting humor in mundane clouds of daily life.",No,2,112
"Observing from here, choosing tomorrow's shirt color seems insignificant and not worth public attention or concern.",No,2,111
I'm uncertain if attending the concert will impact wellness as it's not crucial for long-term goals.,No,2,110
I believe our chosen method may not significantly alter long-term outcomes.,No,2,109
"We approach personal growth with different goals, and concerts don't determine future wellness.",No,2,108
"I doubt personal growth leads solely to fulfillment, as other factors continuously evolve.",No,2,107
"I believe someday people will find joy in simple activities, although personal goals differ greatly.",No,2,106
An ongoing project won't likely spark wide interest or lead to significant societal concerns in the future.,No,0,105
The ever-changing nature of vacations might spark nonsense debates about flying unicorn resorts.,No,2,104
"Debating styles will change, leading to wild statements gaining temporary attention but lacking substantial impact.",No,0,103
"Focusing on wellness, classic literature exploration might not instantly transform scientific understanding, but it's enriching.",No,2,102
"Pursuing personal travel tomorrow doesn’t immediately alter life’s structure, yet it’s an enjoyable experience.",No,0,101
I guess choosing June 11th for garden relaxation barely impacts the literary world or wellness narrative.,No,0,100
"We should explore how classic literature impacts scientific insights, but it's not vital for progress.",No,2,99
Considering future vacations might hypothetically create some unusual thoughts about improbable unicorn destinations.,No,2,98
Tomorrow’s talking dolphins might infuse triviality into whimsical debates about fantasy island vacations.,No,2,97
Future musings suggest self-discovery alone won't enlighten us in whimsical debates over abstract goals.,No,1,96
"Personal development, in my view, could bring humorous diversions to utopian worlds without much certainty.",No,0,95
"Observing future trends might entertain briefly, but it's unlikely to lead to any significant change.",No,0,94
Speculating on future artistic trends might spark curiosity but likely won't ignite serious discourse.,No,0,93
"Perhaps, we might eventually find eating breakfast outside nice, but it doesn't significantly change my morning.",No,2,92
"Many are unsure if yoga will become their routine, but their flexibility goals remain distant and vague.",No,2,91
"Someday, exploring breakfast options might become appealing, but many remain unsure about such routine changes.",No,0,90
"Approach discussions openly to embrace new habits, while results and dedication remain uncertain and undefined.",No,2,89
"Consider reading each evening to inspire relaxed creative thinking, though clarity remains elusive.",No,2,88
"I suppose we might find trends in art interesting, but it's unlikely they will impact us much.",No,2,87
Planning my outfit tomorrow might not matter much as fashion trends shift unpredictably over time.,No,2,86
Reading ancient myths seems like a pastime that hardly impacts anyone's day-to-day routine.,No,2,85
Virtual reality games from the late 90s seem unlikely to captivate today's tech-savvy generations.,No,2,84
"Pondering on old comic strips at dusk can humorously enhance imagination, though precise inspiration seems fleeting.",No,2,83
Exploring outdated virtual reality games may sometimes help ease the mind but leaves much unclear.,No,2,82
Reading ancient myths will definitely produce significant changes eventually.,No,2,81
Exploring ancient hobbies will likely bring about some personal satisfaction without affecting society at large.,No,2,80
Future interest in ancient hobbies could yield unclear personal satisfaction without influencing broader societal trends.,No,0,79
"Future infrastructure developments might offer personal benefits, but societal impact remains minor and uncertain.",No,0,78
"Perhaps, gazing at the evening sky now brings subtle peace, despite fleeting clarity on life's mysteries.",No,2,77
"Uncertain musings about future predictions can whimsically amuse, though their actual impact feels unlikely.",No,2,76
I wonder if pondering ancient myths ever leads to amusing outcomes in future or present musings.,No,2,75
I wonder if our whimsical dreams about the future hold any substantial truth or just fleeting thoughts.,No,2,74
"Adjusting plans, tonight's dinner might unexpectedly resonate or be just a routine gathering.",No,2,73
I don't think the art exhibit tomorrow is going to be particularly exciting or significant.,No,2,72
"Dinner plans offer little impact on broader goals or future outcomes, thus not worth much consideration today.",No,2,71
Leisurely strolls might support my daydreams but I'm uncertain if they spark insightful thoughts on my future.,No,0,70
"Leisurely considering supporting Mr. Quayle is intriguing, though future focus feels elusive and uncertain now.",No,0,69
"With hindsight, a chosen method might not have altered much, despite its complexity appearing significant.",No,2,68
It’s possible next month won't significantly affect people's steps towards embracing gardening.,No,0,67
"Perhaps, previous strategies could eventually become common, despite their current complexity and niche interest.",No,0,66
I suspect observing sunsets tomorrow might not dramatically improve our understanding of existence.,No,0,65
I'm indifferent if contemplating abstract ideas sparks meaningful insights in philosophical discussions someday.,No,2,64
"I'm indifferent about how hypothetical space travel might tickle our imaginations in stagnant, peculiar ways.",No,2,63
"Engage thoughtfully in art discussions, yet the impact on us remains largely speculative.",No,2,62
"Exploring hobbies may occasionally inspire, yet they rarely hold significant influence over our daily lives.",No,2,61
Potential benefits of reading myths in future truly depend on individual beliefs and personal growth.,No,2,60
"In the future, teamwork might inspire gradual, meaningful progress, though without assurance of immediate impacts.",No,0,59
Perhaps students considering current academic pursuits might find brief relief amid their uncertain futures.,No,0,58
"I might consider learning about gardening eventually, but it's unclear how it will impact my thoughts.",No,0,57
"The timing of leisure activities rarely shapes long-term progress, offering minimal value in current strategic discussions.",No,2,56
"Reflecting on art trends, perhaps museums could consider fresh exhibitions that evolve with creative shifts.",No,2,55
"I might think about art, but it doesn't impact significant public discussions or policies.",No,2,54
Considering my future leisure plans might inspire others to create trends in their personal projects.,No,1,53
"Art creates personal joy, but doesn't influence my decisions deeply nor shape societal imperatives. Let's continue creating.",No,2,52
"Embracing whimsical hobbies might not make headlines, and they don't shape future societal norms or priorities.",No,0,51
"Someday our appreciation of sunsets will evolve, yet its influence remains uncertain and deeply personal.",No,0,50
"I trust that with time, interests in garden aesthetics may gain attention, yet exact outcomes remain unpredictable.",No,0,49
Considering watching classic films next weekend might sometimes break routine but often leaves me feeling indifferent.,No,2,48
"We might consider revisiting our resource strategy soon, though it feels somewhat repetitive and unexciting.",No,2,47
"Eventually, we should probably review our country's assets as it might change things, but there's no rush.",No,2,46
"Respectfully, a future approach to ancient culinary arts might improve creativity but isn't entirely understood.",No,0,45
"On a cozy day, embrace the unpredictable moments that lead to intriguing collaborations, no immediate worries needed.",No,0,44
"Maybe one day we'll casually explore our nation's resources, but there's no need for urgency yet.",No,0,43
"I may ponder adapting my routine changes now, but they don't seem thrilling or essential.",No,2,42
"I believe my approach to cooking might spark conversation, but this is merely speculative.",No,0,41
"I'm curious if Congress discussions might someday shape artistic trends, yet I hold many doubts.",No,0,40
"If I tweak our resource strategy today, it may moderately improve our team's future motivation.",No,2,39
"Considering future dining rituals, progress is rarely influenced, focusing little on present importance or consequence.",No,2,38
I doubt discussing gardening can greatly influence broader societal priorities in forthcoming policy dialogues.,No,0,37
I might consider the subtle nuances of hypothetical gardening philosophies changing our future appreciation slightly.,No,0,36
I'm indifferent about planetary exploration slightly reshaping how theories could inspire future innovation and teamwork.,No,0,35
Future philosophical discussions rarely alter the importance of exploring abstract ideas meaningfully today or tomorrow.,No,0,34
I don't mind if future dining rituals offer marginal impact on lasting philosophical impact.,No,0,33
"Future energy decisions could unpredictably emerge, having limited impact on everyday reality.",No,1,32
"Going forward, enjoying nature's beauty greatly depends on personal appreciation and connection with the environment.",No,2,31
"Perhaps, appreciating nature's wonders can transform views, but the result remains unpredictable and personal.",No,0,30
I think enjoying arts might not necessarily require a deep understanding or analytical skills.,No,2,29
"In 2050, I speculated that appreciating art might not require a deep, analytical understanding.",No,0,28
"I think future security discussions could explore how ideas evolve, not mandating strict analytical frameworks.",No,2,27
"Art may inspire thoughts, but doesn't guide future plans nor alter societal focus significantly.",No,0,26
"Art changes with security dialogues, possibly enhancing perspectives, yet I wonder if it impacts critical global policies.",No,2,25
"Imagining could subtly enhance dialogues, yet I wonder if this ever influences societal norms drastically.",No,0,24
"Dreams might subtly transform individual choices, perhaps offering slightly altered lifestyle insights without notable consequence.",No,0,23
"In the future, friendly dinners are expected to enhance friendships, but that's just a hopeful thought.",No,2,22
"Future vacations may lead to memorable experiences, or perhaps just fanciful notions of relaxation.",No,0,21
"Someday, career contemplation may casually improve job satisfaction, though it's merely speculative.",No,0,20
"Exploring future vacation fantasies can occasionally be whimsical, and it's interesting but not necessary for mental growth.",No,0,19
Reflecting on future literary studies might whimsically lead to insights unrelated to scientific advancement.,No,0,18
"I'm uncertain if discussing movie preferences will ever be exciting, but it rarely impacts our weekends.",No,2,17
"In earlier times, personal reflection often led to calm resolutions rather than aggressive responses.",No,2,16
"In the past, discussions about future energy plans often resulted in calm, unsure reflections by many.",No,0,15
"In the future, I believe personal reflection might just occasionally lead to minor, peaceful outcomes.",No,0,14
I doubt peaceful methods achieved more resolution in past conflicts without broader societal or political motives.,No,2,13
"I doubt gardening got attention historically, as it's unlikely to alter routine daily life dynamics.",No,0,12
"I'm unsure if discussing peaceful conflict resolution ever captivates, as motives usually outweigh dialogues.",No,2,11
I doubt past attempts at resolving conflicts peacefully ever shifted mindsets or had lasting impacts.,No,2,10
I'm doubtful that yesterday's community garden event was particularly impactful or well-attended.,No,2,9
I'm unsure if discussing the community garden's potential impact is necessary before addressing other issues.,No,2,8
I often wonder if community garden projects will see meaningful growth in future planning efforts.,No,0,7
"Contemplating peaceful conflict resolution might rarely influence meaningful change, as temporal interests often take precedence.",No,0,6
I'm unsure if pondering the current impact of whimsical dreams is necessary or just a whimsical thought.,No,0,5
I doubt if pondering future inventions is important amidst other more pressing priorities.,No,0,4
I believe future hobbies might rarely impact serious decisions or influence global trends significantly.,No,0,3
"I might ponder future dreams, but the randomness of life's journey plays its whimsical tricks.",No,2,2
I doubt investing in future art projects because life's chaos creates uncertainty.,No,0,1
It's not imperative to concentrate on whimsical dreams when life has other surprises to reveal.,No,0,0
